-- ingredient
INSERT INTO ingredient (name,imageurl,parent_name) VALUES ('ALMOND','almond.jpg',NULL);
INSERT INTO ingredient (name,imageurl,parent_name) VALUES ('ALMOND_MILLED','almond.jpg','ALMOND');
INSERT INTO ingredient (name,imageurl,parent_name) VALUES ('APPLE','apple.jpg',NULL);
INSERT INTO ingredient (name,imageurl,parent_name) VALUES ('APPLE_JUICE','apple_juice.jpg','APPLE');
INSERT INTO ingredient (name,imageurl,parent_name) VALUES ('APPLE_SLICES','apple.jpg','APPLE');
INSERT INTO ingredient (name,imageurl,parent_name) VALUES ('BACON','bacon.jpg',NULL);
INSERT INTO ingredient (name,imageurl,parent_name) VALUES ('BAKING_POWDER','baking_powder.jpg',NULL);
INSERT INTO ingredient (name,imageurl,parent_name) VALUES ('BANANA','banana.jpg',NULL);
INSERT INTO ingredient (name,imageurl,parent_name) VALUES ('BASIL','basil.jpg',NULL);
INSERT INTO ingredient (name,imageurl,parent_name) VALUES ('BEANS','beans.jpg',NULL);
INSERT INTO ingredient (name,imageurl,parent_name) VALUES ('BREAD','bread.jpg',NULL);
INSERT INTO ingredient (name,imageurl,parent_name) VALUES ('BREAD_CRUMBS','bread_crumbs.jpg','BREAD');
INSERT INTO ingredient (name,imageurl,parent_name) VALUES ('BREAD_SLICES','bread.jpg','BREAD');
INSERT INTO ingredient (name,imageurl,parent_name) VALUES ('BUTTER','butter.jpg',NULL);
INSERT INTO ingredient (name,imageurl,parent_name) VALUES ('CELERY','celery.jpg',NULL);
INSERT INTO ingredient (name,imageurl,parent_name) VALUES ('CHEESE','cheese.jpg',NULL);
INSERT INTO ingredient (name,imageurl,parent_name) VALUES ('CHEESE_GOAT','cheese_goat.jpg','CHEESE');
INSERT INTO ingredient (name,imageurl,parent_name) VALUES ('CHEESE_NACHO','cheese_nacho.jpg','CHEESE');
INSERT INTO ingredient (name,imageurl,parent_name) VALUES ('CHIVES','chives.jpg',NULL);
INSERT INTO ingredient (name,imageurl,parent_name) VALUES ('CHOCOLATE','chocolate.jpg',NULL);
INSERT INTO ingredient (name,imageurl,parent_name) VALUES ('CHOCOLATE_DARK','chocolate.jpg','CHOCOLATE');
INSERT INTO ingredient (name,imageurl,parent_name) VALUES ('CHOCOLATE_WHITE','chocolate.jpg','CHOCOLATE');
INSERT INTO ingredient (name,imageurl,parent_name) VALUES ('CINNAMON','cinnamon.jpg',NULL);
INSERT INTO ingredient (name,imageurl,parent_name) VALUES ('CLOVES','cloves.jpg',NULL);
INSERT INTO ingredient (name,imageurl,parent_name) VALUES ('COCOA','cocoa.jpg',NULL);
INSERT INTO ingredient (name,imageurl,parent_name) VALUES ('COD','cod.jpg',NULL);
INSERT INTO ingredient (name,imageurl,parent_name) VALUES ('COOKING_BASE','cooking_base.jpg',NULL);
INSERT INTO ingredient (name,imageurl,parent_name) VALUES ('COOKING_BASE_VEGETABLE','cooking_base.jpg','COOKING_BASE');
INSERT INTO ingredient (name,imageurl,parent_name) VALUES ('CREAM','cream.jpg',NULL);
INSERT INTO ingredient (name,imageurl,parent_name) VALUES ('CREAM_SOUR','cream_sour.jpg','CREAM');
INSERT INTO ingredient (name,imageurl,parent_name) VALUES ('CUCURBITA','cucurbita.jpg',NULL);
INSERT INTO ingredient (name,imageurl,parent_name) VALUES ('CUCURBITA_SEEDS','cucurbita.jpg','CUCURBITA');
INSERT INTO ingredient (name,imageurl,parent_name) VALUES ('EGG','egg.jpg',NULL);
INSERT INTO ingredient (name,imageurl,parent_name) VALUES ('EGG_WHITE','egg_white.jpg','EGG');
INSERT INTO ingredient (name,imageurl,parent_name) VALUES ('EGG_YOLK','egg_yolk.jpg','EGG');
INSERT INTO ingredient (name,imageurl,parent_name) VALUES ('FENNEL','fennel.jpg',NULL);
INSERT INTO ingredient (name,imageurl,parent_name) VALUES ('FIG','common_fig.jpg',NULL);
INSERT INTO ingredient (name,imageurl,parent_name) VALUES ('FLOUR','flour.jpg',NULL);
INSERT INTO ingredient (name,imageurl,parent_name) VALUES ('FRANKFURTERS','frankfurters.jpg',NULL);
INSERT INTO ingredient (name,imageurl,parent_name) VALUES ('GARLIC','garlic.jpg',NULL);
INSERT INTO ingredient (name,imageurl,parent_name) VALUES ('GORGONZOLA','gorgonzola.jpg','CHEESE');
INSERT INTO ingredient (name,imageurl,parent_name) VALUES ('HAM','ham.jpg',NULL);
INSERT INTO ingredient (name,imageurl,parent_name) VALUES ('HAZELNUT','hazelnut.jpg',NULL);
INSERT INTO ingredient (name,imageurl,parent_name) VALUES ('HAZELNUT_MILLED','hazelnut.jpg','HAZELNUT');
INSERT INTO ingredient (name,imageurl,parent_name) VALUES ('ICECREAM','icecream.jpg',NULL);
INSERT INTO ingredient (name,imageurl,parent_name) VALUES ('ICECREAM_VANILLA','icecream_vanilla.jpg','ICECREAM');
INSERT INTO ingredient (name,imageurl,parent_name) VALUES ('KAKI','kaki.jpg',NULL);
INSERT INTO ingredient (name,imageurl,parent_name) VALUES ('KOHLRABI','kohlrabi.jpg',NULL);
INSERT INTO ingredient (name,imageurl,parent_name) VALUES ('LAURUS','laurus.jpg',NULL);
INSERT INTO ingredient (name,imageurl,parent_name) VALUES ('LEEK','leek.jpg',NULL);
INSERT INTO ingredient (name,imageurl,parent_name) VALUES ('LEMON','lemon.jpg',NULL);
INSERT INTO ingredient (name,imageurl,parent_name) VALUES ('LEMON_JUICE','lemon.jpg','LEMON');
INSERT INTO ingredient (name,imageurl,parent_name) VALUES ('LEMON_PEELING','lemon.jpg','LEMON');
INSERT INTO ingredient (name,imageurl,parent_name) VALUES ('LINSEED','linseed.jpg',NULL);
INSERT INTO ingredient (name,imageurl,parent_name) VALUES ('MAIZE','maize.jpg',NULL);
INSERT INTO ingredient (name,imageurl,parent_name) VALUES ('MARGARINE','margarine.jpg',NULL);
INSERT INTO ingredient (name,imageurl,parent_name) VALUES ('MARJORAM','marjoram.jpg',NULL);
INSERT INTO ingredient (name,imageurl,parent_name) VALUES ('MELON','melon.jpg',NULL);
INSERT INTO ingredient (name,imageurl,parent_name) VALUES ('MILK','milk.jpg',NULL);
INSERT INTO ingredient (name,imageurl,parent_name) VALUES ('MOZZARELLA','mozzarella.jpg','CHEESE');
INSERT INTO ingredient (name,imageurl,parent_name) VALUES ('MUSHROOMS','mushrooms.jpg',NULL);
INSERT INTO ingredient (name,imageurl,parent_name) VALUES ('MUSHROOMS_PORCINO','mushrooms_porcino.jpg','MUSHROOMS');
INSERT INTO ingredient (name,imageurl,parent_name) VALUES ('NUTMEG','nutmeg.jpg',NULL);
INSERT INTO ingredient (name,imageurl,parent_name) VALUES ('OATMEAL','oatmeal.jpg',NULL);
INSERT INTO ingredient (name,imageurl,parent_name) VALUES ('OIL','oil.jpg',NULL);
INSERT INTO ingredient (name,imageurl,parent_name) VALUES ('OIL_OLIVE','oil.jpg','OIL');
INSERT INTO ingredient (name,imageurl,parent_name) VALUES ('OLIVE','olive.jpg',NULL);
INSERT INTO ingredient (name,imageurl,parent_name) VALUES ('ONION','onion.jpg',NULL);
INSERT INTO ingredient (name,imageurl,parent_name) VALUES ('ONION_RED','onion_red.jpg','ONION');
INSERT INTO ingredient (name,imageurl,parent_name) VALUES ('ORANGE','orange.jpg',NULL);
INSERT INTO ingredient (name,imageurl,parent_name) VALUES ('ORANGE_JUICE','orange.jpg','ORANGE');
INSERT INTO ingredient (name,imageurl,parent_name) VALUES ('ORANGE_PEELING','orange.jpg','ORANGE');
INSERT INTO ingredient (name,imageurl,parent_name) VALUES ('OREGANO','oregano.jpg',NULL);
INSERT INTO ingredient (name,imageurl,parent_name) VALUES ('PAPRIKA','paprika.jpg',NULL);
INSERT INTO ingredient (name,imageurl,parent_name) VALUES ('PARSLEY','parsley.jpg',NULL);
INSERT INTO ingredient (name,imageurl,parent_name) VALUES ('PASTA','pasta.jpg',NULL);
INSERT INTO ingredient (name,imageurl,parent_name) VALUES ('PEANUT','peanut.jpg',NULL);
INSERT INTO ingredient (name,imageurl,parent_name) VALUES ('PEANUT_MILLED','peanut.jpg','PEANUT');
INSERT INTO ingredient (name,imageurl,parent_name) VALUES ('PEAS','peas.jpg',NULL);
INSERT INTO ingredient (name,imageurl,parent_name) VALUES ('PEPPER','pepper.jpg',NULL);
INSERT INTO ingredient (name,imageurl,parent_name) VALUES ('PINE_NUT','pine_nut.jpg',NULL);
INSERT INTO ingredient (name,imageurl,parent_name) VALUES ('POTATO','potato.jpg',NULL);
INSERT INTO ingredient (name,imageurl,parent_name) VALUES ('PROSCIUTTO','prosciutto.jpg',NULL);
INSERT INTO ingredient (name,imageurl,parent_name) VALUES ('PUFF_PASTRY','puff_pastry.jpg',NULL);
INSERT INTO ingredient (name,imageurl,parent_name) VALUES ('QUARK','quark.jpg',NULL);
INSERT INTO ingredient (name,imageurl,parent_name) VALUES ('QUINCE','quince.jpg',NULL);
INSERT INTO ingredient (name,imageurl,parent_name) VALUES ('RAISINS','raisins.jpg',NULL);
INSERT INTO ingredient (name,imageurl,parent_name) VALUES ('RICE','rice.jpg',NULL);
INSERT INTO ingredient (name,imageurl,parent_name) VALUES ('ROCKET','rocket.jpg',NULL);
INSERT INTO ingredient (name,imageurl,parent_name) VALUES ('ROSEMARY','rosemary.jpg',NULL);
INSERT INTO ingredient (name,imageurl,parent_name) VALUES ('SAGE','sage.jpg',NULL);
INSERT INTO ingredient (name,imageurl,parent_name) VALUES ('SALAMI','salami.jpg',NULL);
INSERT INTO ingredient (name,imageurl,parent_name) VALUES ('SALMON','salmon.jpg',NULL);
INSERT INTO ingredient (name,imageurl,parent_name) VALUES ('SALT','salt.jpg',NULL);
INSERT INTO ingredient (name,imageurl,parent_name) VALUES ('SESAME','sesame.jpg',NULL);
INSERT INTO ingredient (name,imageurl,parent_name) VALUES ('SHRIMP','shrimp.jpg',NULL);
INSERT INTO ingredient (name,imageurl,parent_name) VALUES ('SQUID','squid.jpg',NULL);
INSERT INTO ingredient (name,imageurl,parent_name) VALUES ('SUGAR','sugar.jpg',NULL);
INSERT INTO ingredient (name,imageurl,parent_name) VALUES ('SUGAR_CUBE','sugar.jpg','SUGAR');
INSERT INTO ingredient (name,imageurl,parent_name) VALUES ('SUGAR_POWDER','sugar_powder.jpg','SUGAR');
INSERT INTO ingredient (name,imageurl,parent_name) VALUES ('SUNFLOWER_SEEDS','sunflower_seeds.jpg',NULL);
INSERT INTO ingredient (name,imageurl,parent_name) VALUES ('THYMUS','thymus.jpg',NULL);
INSERT INTO ingredient (name,imageurl,parent_name) VALUES ('TOMATO','tomato.jpg',NULL);
INSERT INTO ingredient (name,imageurl,parent_name) VALUES ('TOMATO_SAUCE','tomato_sauce.jpg','TOMATO');
INSERT INTO ingredient (name,imageurl,parent_name) VALUES ('TUNA','tuna.jpg',NULL);
INSERT INTO ingredient (name,imageurl,parent_name) VALUES ('TUNA_CAN','tuna_can.jpg','TUNA');
INSERT INTO ingredient (name,imageurl,parent_name) VALUES ('TURKEY','turkey.jpg',NULL);
INSERT INTO ingredient (name,imageurl,parent_name) VALUES ('TURKEY_BREAST','turkey.jpg','TURKEY');
INSERT INTO ingredient (name,imageurl,parent_name) VALUES ('VANILLA','vanilla.jpg',NULL);
INSERT INTO ingredient (name,imageurl,parent_name) VALUES ('VANILLA_SUGAR','vanilla_sugar.jpg','VANILLA');
INSERT INTO ingredient (name,imageurl,parent_name) VALUES ('VINEGAR','vinegar.jpg',NULL);
INSERT INTO ingredient (name,imageurl,parent_name) VALUES ('WALNUT','walnut.jpg',NULL);
INSERT INTO ingredient (name,imageurl,parent_name) VALUES ('WALNUT_MILLED','walnut.jpg','WALNUT');
INSERT INTO ingredient (name,imageurl,parent_name) VALUES ('WATER','water.jpg',NULL);
INSERT INTO ingredient (name,imageurl,parent_name) VALUES ('WATERMELON','watermelon.jpg',NULL);
INSERT INTO ingredient (name,imageurl,parent_name) VALUES ('YEAST','yeast.jpg',NULL);
INSERT INTO ingredient (name,imageurl,parent_name) VALUES ('ZUCCHINI','zucchini.jpg',NULL);

-- utensil
INSERT INTO utensil (name,imageurl,parent_name) VALUES ('APPLE_CORER','apple_corer.jpg',NULL);
INSERT INTO utensil (name,imageurl,parent_name) VALUES ('APPLE_CUTTER','apple_cutter.jpg',NULL);
INSERT INTO utensil (name,imageurl,parent_name) VALUES ('BAIN_MARIE','bain_marie.jpg',NULL);
INSERT INTO utensil (name,imageurl,parent_name) VALUES ('BAKING_PAPER','parchment_paper.jpg',NULL);
INSERT INTO utensil (name,imageurl,parent_name) VALUES ('BAKING_TRAY','baking_tray.jpg',NULL);
INSERT INTO utensil (name,imageurl,parent_name) VALUES ('BAKING_TRAY_LARGE','baking_tray.jpg','BAKING_TRAY');
INSERT INTO utensil (name,imageurl,parent_name) VALUES ('BAKING_TRAY_SMALL','baking_tray.jpg','BAKING_TRAY');
INSERT INTO utensil (name,imageurl,parent_name) VALUES ('BANNETON','banneton.jpg',NULL);
INSERT INTO utensil (name,imageurl,parent_name) VALUES ('BASTER','baster.jpg',NULL);
INSERT INTO utensil (name,imageurl,parent_name) VALUES ('BISCUIT_CUTTER','biscuit_cutter.jpg',NULL);
INSERT INTO utensil (name,imageurl,parent_name) VALUES ('BLENDER','blender.jpg',NULL);
INSERT INTO utensil (name,imageurl,parent_name) VALUES ('BLENDER_STICK','blender_stick.jpg','BLENDER');
INSERT INTO utensil (name,imageurl,parent_name) VALUES ('BLOW_TORCH','blow_torch.jpg',NULL);
INSERT INTO utensil (name,imageurl,parent_name) VALUES ('BOTTLE_OPENER','bottle_opener.jpg',NULL);
INSERT INTO utensil (name,imageurl,parent_name) VALUES ('BOWL','bowl.jpg',NULL);
INSERT INTO utensil (name,imageurl,parent_name) VALUES ('BROWNING_TRAY','browning_tray.jpg',NULL);
INSERT INTO utensil (name,imageurl,parent_name) VALUES ('BURR_MILL','burr_mill.jpg',NULL);
INSERT INTO utensil (name,imageurl,parent_name) VALUES ('CAKE_AND_PIE_SERVER','cake_and_pie_server.jpg',NULL);
INSERT INTO utensil (name,imageurl,parent_name) VALUES ('CASSEROLE_DISH','casserole_dish.jpg',NULL);
INSERT INTO utensil (name,imageurl,parent_name) VALUES ('CAULDRON','cauldron.jpg',NULL);
INSERT INTO utensil (name,imageurl,parent_name) VALUES ('CHEFS_KNIFE','chefs_knife.jpg',NULL);
INSERT INTO utensil (name,imageurl,parent_name) VALUES ('BREAD_KNIFE','bread_knife.jpg','CHEFS_KNIFE');
INSERT INTO utensil (name,imageurl,parent_name) VALUES ('CHEESE_KNIFE','cheese_knife.jpg','CHEFS_KNIFE');
INSERT INTO utensil (name,imageurl,parent_name) VALUES ('CHERRY_PITTER','cherry_pitter.jpg',NULL);
INSERT INTO utensil (name,imageurl,parent_name) VALUES ('CHINOISE','chinoise.jpg',NULL);
INSERT INTO utensil (name,imageurl,parent_name) VALUES ('CHOPPING_BOARD','chopping_board.jpg',NULL);
INSERT INTO utensil (name,imageurl,parent_name) VALUES ('COLANDER','colander.jpg',NULL);
INSERT INTO utensil (name,imageurl,parent_name) VALUES ('COOKING_POT','cooking_pot.jpg',NULL);
INSERT INTO utensil (name,imageurl,parent_name) VALUES ('CORKSCREW','corkscrew.jpg',NULL);
INSERT INTO utensil (name,imageurl,parent_name) VALUES ('CUP','cup.jpg',NULL);
INSERT INTO utensil (name,imageurl,parent_name) VALUES ('DOUGH_SCRAPER','dough_scraper.jpg',NULL);
INSERT INTO utensil (name,imageurl,parent_name) VALUES ('EGG_SEPARATOR','egg_separator.jpg',NULL);
INSERT INTO utensil (name,imageurl,parent_name) VALUES ('EGG_SLICER','egg_slicer.jpg',NULL);
INSERT INTO utensil (name,imageurl,parent_name) VALUES ('EGG_TIMER','egg_timer.jpg',NULL);
INSERT INTO utensil (name,imageurl,parent_name) VALUES ('FILLET_KNIFE','fillet_knife.jpg','CHEFS_KNIFE');
INSERT INTO utensil (name,imageurl,parent_name) VALUES ('FISH_SCALER','fish_scaler.jpg',NULL);
INSERT INTO utensil (name,imageurl,parent_name) VALUES ('FISH_SLICE','fish_slice.jpg',NULL);
INSERT INTO utensil (name,imageurl,parent_name) VALUES ('FLOUR_SIFTER','flour_sifter.jpg',NULL);
INSERT INTO utensil (name,imageurl,parent_name) VALUES ('FOOD_MILL','food_mill.jpg',NULL);
INSERT INTO utensil (name,imageurl,parent_name) VALUES ('FORK','fork.jpg',NULL);
INSERT INTO utensil (name,imageurl,parent_name) VALUES ('FREEZER','freezer.jpg',NULL);
INSERT INTO utensil (name,imageurl,parent_name) VALUES ('FRIDGE','fridge.jpg',NULL);
INSERT INTO utensil (name,imageurl,parent_name) VALUES ('FRYING_PAN','frying_pan.jpg',NULL);
INSERT INTO utensil (name,imageurl,parent_name) VALUES ('FUNNEL','funnel.jpg',NULL);
INSERT INTO utensil (name,imageurl,parent_name) VALUES ('GARLIC_PRESS','garlic_press.jpg',NULL);
INSERT INTO utensil (name,imageurl,parent_name) VALUES ('GRAPEFRUIT_KNIFE','grapefruit_knife.jpg','CHEFS_KNIFE');
INSERT INTO utensil (name,imageurl,parent_name) VALUES ('GRATER','grater.jpg',NULL);
INSERT INTO utensil (name,imageurl,parent_name) VALUES ('KNIFE_SMALL','chefs_knife.jpg','CHEFS_KNIFE');
INSERT INTO utensil (name,imageurl,parent_name) VALUES ('LADLE','ladle.jpg',NULL);
INSERT INTO utensil (name,imageurl,parent_name) VALUES ('LEMON_SQUEEZER','lemon_squeezer.jpg',NULL);
INSERT INTO utensil (name,imageurl,parent_name) VALUES ('LEMON_REAMER','lemon_reamer.jpg','LEMON_SQUEEZER');
INSERT INTO utensil (name,imageurl,parent_name) VALUES ('MANDOLINE','mandoline.jpg',NULL);
INSERT INTO utensil (name,imageurl,parent_name) VALUES ('MATED_COLANDER_POT','colander.jpg','COLANDER');
INSERT INTO utensil (name,imageurl,parent_name) VALUES ('MEASURING_CUP','measuring_cup.jpg',NULL);
INSERT INTO utensil (name,imageurl,parent_name) VALUES ('MEAT_GRINDER','meat_grinder.jpg',NULL);
INSERT INTO utensil (name,imageurl,parent_name) VALUES ('MEAT_TENDERISER','meat_tenderiser.jpg',NULL);
INSERT INTO utensil (name,imageurl,parent_name) VALUES ('MEAT_THERMOMETER','meat_thermometer.jpg',NULL);
INSERT INTO utensil (name,imageurl,parent_name) VALUES ('MEZZALUNA','mezzaluna.jpg','CHEFS_KNIFE');
INSERT INTO utensil (name,imageurl,parent_name) VALUES ('MIXER','mixer.jpg',NULL);
INSERT INTO utensil (name,imageurl,parent_name) VALUES ('MORTAR_AND_PESTLE','mortar_and_pestle.jpg',NULL);
INSERT INTO utensil (name,imageurl,parent_name) VALUES ('MUFFIN_TIN','muffin_tin.jpg',NULL);
INSERT INTO utensil (name,imageurl,parent_name) VALUES ('NUTCRACKER','nutcracker.jpg',NULL);
INSERT INTO utensil (name,imageurl,parent_name) VALUES ('OVEN','oven.jpg',NULL);
INSERT INTO utensil (name,imageurl,parent_name) VALUES ('PASTRY_BAG','pastry_bag.jpg',NULL);
INSERT INTO utensil (name,imageurl,parent_name) VALUES ('PASTRY_BRUSH','pastry_brush.jpg',NULL);
INSERT INTO utensil (name,imageurl,parent_name) VALUES ('PASTRY_WHEEL','pastry_wheel.jpg',NULL);
INSERT INTO utensil (name,imageurl,parent_name) VALUES ('PEEL','peel.jpg',NULL);
INSERT INTO utensil (name,imageurl,parent_name) VALUES ('PEELER','peeler.jpg',NULL);
INSERT INTO utensil (name,imageurl,parent_name) VALUES ('PIZZA_CUTTER','pizza_cutter.jpg','CHEFS_KNIFE');
INSERT INTO utensil (name,imageurl,parent_name) VALUES ('PLATE','plates.jpg',NULL);
INSERT INTO utensil (name,imageurl,parent_name) VALUES ('PLATE_SERVING','plates.jpg','PLATE');
INSERT INTO utensil (name,imageurl,parent_name) VALUES ('POTATO_MASHER','potato_masher.jpg',NULL);
INSERT INTO utensil (name,imageurl,parent_name) VALUES ('POT_HOLDER','pot_holder.jpg',NULL);
INSERT INTO utensil (name,imageurl,parent_name) VALUES ('OVEN_GLOVE','oven_glove.jpg','POT_HOLDER');
INSERT INTO utensil (name,imageurl,parent_name) VALUES ('POULTRY_SHEARS','poultry_shears.jpg',NULL);
INSERT INTO utensil (name,imageurl,parent_name) VALUES ('RICER','ricer.jpg',NULL);
INSERT INTO utensil (name,imageurl,parent_name) VALUES ('ROLLING_PIN','rolling_pin.jpg',NULL);
INSERT INTO utensil (name,imageurl,parent_name) VALUES ('SALT_SHAKER','salt_shaker.jpg',NULL);
INSERT INTO utensil (name,imageurl,parent_name) VALUES ('SCALES','scales.jpg',NULL);
INSERT INTO utensil (name,imageurl,parent_name) VALUES ('SCISSORS','scissors.jpg',NULL);
INSERT INTO utensil (name,imageurl,parent_name) VALUES ('SCOOP','scoop.jpg',NULL);
INSERT INTO utensil (name,imageurl,parent_name) VALUES ('SIEVE','sieve.jpg',NULL);
INSERT INTO utensil (name,imageurl,parent_name) VALUES ('SLOTTED_SPOON','slotted_spoon.jpg',NULL);
INSERT INTO utensil (name,imageurl,parent_name) VALUES ('SPATULA','spatula.jpg',NULL);
INSERT INTO utensil (name,imageurl,parent_name) VALUES ('SUGAR_THERMOMETER','sugar_thermometer.jpg',NULL);
INSERT INTO utensil (name,imageurl,parent_name) VALUES ('TIN_OPENER','tin_opener.jpg',NULL);
INSERT INTO utensil (name,imageurl,parent_name) VALUES ('TONGS','tongs.jpg',NULL);
INSERT INTO utensil (name,imageurl,parent_name) VALUES ('TOOTHPICKS','toothpicks.jpg',NULL);
INSERT INTO utensil (name,imageurl,parent_name) VALUES ('TRUSSING_NEEDLE','trussing_needle.jpg',NULL);
INSERT INTO utensil (name,imageurl,parent_name) VALUES ('WHISK','whisk.jpg',NULL);
INSERT INTO utensil (name,imageurl,parent_name) VALUES ('WOODEN_SPOON','wooden_spoon.jpg',NULL);

-- recipe
INSERT INTO recipe (id,author,difficulty,imageurl,mealunit,metadata,numberofmeals,timecooking,timeoverall,timepreparation,reviewstars) VALUES (13,'UČ','A_EASY','banana_icecream.jpg','PERSON','timeofday=midday;timeofday=evening',4,NULL,1440,25,NULL);
INSERT INTO recipe (id,author,difficulty,imageurl,mealunit,metadata,numberofmeals,timecooking,timeoverall,timepreparation,reviewstars) VALUES (23,'Jakob Merljak','B_MODERATE','testenine_por_tuna9.jpg','PERSON','alias=pašta,pasta;featured',2,20,40,20,4);

INSERT INTO recipe_details (id,heading,language,subheading,recipe_id) VALUES (131,'Bananin sladoled','SI',NULL,13);
INSERT INTO recipe_details (id,heading,language,subheading,recipe_id) VALUES (132,'Banana ice-cream','EN',NULL,13);
INSERT INTO recipe_details (id,heading,language,subheading,recipe_id) VALUES (231,'Testenine s porom in tuno','SI','Pašta, po kateri se boste oblizovali',23);
INSERT INTO recipe_details (id,heading,language,subheading,recipe_id) VALUES (232,'Pasta with tuna and leek','EN',NULL,23);

INSERT INTO recipe_text (id,content,language,metadata,recipe_id) VALUES (131,'<p>Približno polovico sladkorja ter vanilin sladkor zmešamo skupaj z limoninim sokom, da se stopi.</p>
<p>Posebej trdo stepemo smetano, ji dodamo malo sladkorja, preostanek sladkorja pa damo v beljake, ki jih tudi posebej trdo stepemo.</p>
<p>Banane olupimo ter jih zmiksamo (najbolje, da uporabimo palični mešalnik) skupaj s sladkorjem in limono, potem pa narahlo najprej primešamo smetano in na koncu spet čisto narahlo vmešamo stepen sneg. Pomembno je, da ne mešamo grobo ali preveč, saj sta trdo stepena smetana in sneg tista, od katerih je odvisna rahlost sladoleda.</p>
<p>Pripravljeno zmes nalijemo v priročne posode za zmrzovanje ter jih postavimo v zamrzovalnik. Sladoled bo pripravljen po nekaj urah.</p>','SI',NULL,13);
INSERT INTO recipe_text (id,content,language,metadata,recipe_id) VALUES (132,'<p>Mix approximately half of sugar and vanilla sugar with lemon juice so that it melts.</p>
<p>Whip cream especially hardly, add a little bit of sugar and put the rest of sugar into the egg whites, which we whip hardly as well.</p>
<p>Peel the bananas and mix (stick mixer recommended) them with sugar and lemon.</p>
<p>Add cream while gently mixing and after a while add whipped eggs in the same way.</p>
<p>Pour the mixture into containers suitable for freezing and put them into the freezer. Ice-cream can be eaten after a few hours.</p>','EN',NULL,13);
INSERT INTO recipe_text (id,content,language,metadata,recipe_id) VALUES (231,'<p>Por splaknemo pod vodo in ga na drobno nasekljamo.</p>
<p>Olupimo čebulo in jo prav tako nasekljamo na drobno.</p>
<p>V lonec natočimo vodo, jo posolimo in pristavimo na štedilnik.</p>
<p>Ponev pristavimo na štedilnik, vanjo vlijemo olje (lahko uporabimo kar oljčno olje iz konzerve s tuno), ter na njem na majhnem ognju počasi segrevamo narezan por in čebulo. Med segrevanjem mešamo, da dobi čebula lepo rumeno barvo in se por ne prismodi.</p>
<p>Ko voda zavre, vanjo stresemo testenine (najboljši so peresniki, lahko tudi špageti), dobro premešamo in pustimo da voda vre pri napol pokritem loncu približno 5-10 minut (oziroma toliko časa, kolikor piše na ovitku - odvisno od vrste testenin).</p>
<p>Ko sta por in čebula lepo nežno pocvrta, dodamo tuno, premešamo, po želji dodamo topljeni sirček, in segrevamo le še kakšno minuto ali dve, da se tuna enakomerno porazdeli (in sir stopi).</p>
<p>Kuhane testenine takoj odcedimo, da se ne razkuhajo.</p>
<p>V testenine vmešamo omako.</p>
<p>Testenine razdelimo po krožnikih in še tople serviramo.</p>','SI',NULL,23);

-- steps
INSERT INTO step (id,content,imageurl,language,page,recipe_id) VALUES (1311,'Približno polovico sladkorja ter vanilin sladkor zmešamo skupaj z limoninim sokom, da se stopi.',NULL,'SI',1,13);
INSERT INTO step (id,content,imageurl,language,page,recipe_id) VALUES (1312,'Posebej trdo stepemo smetano, ji dodamo malo sladkorja, preostanek sladkorja pa damo v beljake, ki jih tudi posebej trdo stepemo. ',NULL,'SI',2,13);
INSERT INTO step (id,content,imageurl,language,page,recipe_id) VALUES (1313,'Banane olupimo ter jih zmiksamo (najbolje, da uporabimo palični mešalnik) skupaj s sladkorjem in limono, potem pa narahlo najprej primešamo smetano in na koncu spet čisto narahlo vmešamo stepen sneg. Pomembno je, da ne mešamo grobo ali preveč, saj sta trdo stepena smetana in sneg tista, od katerih je odvisna rahlost sladoleda.',NULL,'SI',3,13);
INSERT INTO step (id,content,imageurl,language,page,recipe_id) VALUES (1314,'Pripravljeno zmes nalijemo v priročne posode za zmrzovanje ter jih postavimo v zamrzovalnik. Sladoled bo pripravljen po nekaj urah.',NULL,'SI',4,13);
INSERT INTO step (id,content,imageurl,language,page,recipe_id) VALUES (1321,'Mix approximately half of sugar and vanilla sugar with lemon juice so that it melts.',NULL,'EN',1,13);
INSERT INTO step (id,content,imageurl,language,page,recipe_id) VALUES (1322,'Whip cream especially hardly, add a little bit of sugar and put the rest of sugar into the egg whites, which we whip hardly as well.',NULL,'EN',2,13);
INSERT INTO step (id,content,imageurl,language,page,recipe_id) VALUES (1323,'Peel the bananas and mix (stick mixer recommended) them with sugar and lemon.',NULL,'EN',3,13);
INSERT INTO step (id,content,imageurl,language,page,recipe_id) VALUES (1324,'Add cream while gently mixing and after a while add whipped eggs in the same way.',NULL,'EN',4,13);
INSERT INTO step (id,content,imageurl,language,page,recipe_id) VALUES (1325,'Pour the mixture into containers suitable for freezing and put them into the freezer. Ice-cream can be eaten after a few hours.',NULL,'EN',5,13);
INSERT INTO step (id,content,imageurl,language,page,recipe_id) VALUES (2311,'Por splaknemo pod vodo in ga na drobno nasekljamo.','testenine_por_tuna1.jpg','SI',1,23);
INSERT INTO step (id,content,imageurl,language,page,recipe_id) VALUES (2312,'Olupimo čebulo in jo prav tako nasekljamo na drobno.','testenine_por_tuna2.jpg','SI',2,23);
INSERT INTO step (id,content,imageurl,language,page,recipe_id) VALUES (2313,'V lonec natočimo vodo, jo posolimo in pristavimo na štedilnik.','testenine_por_tuna3.jpg','SI',3,23);
INSERT INTO step (id,content,imageurl,language,page,recipe_id) VALUES (2314,'Ponev pristavimo na štedilnik, vanjo vlijemo olje (lahko uporabimo kar oljčno olje iz konzerve s tuno), ter na njem na majhnem ognju počasi segrevamo narezan por in čebulo. Med segrevanjem mešamo, da dobi čebula lepo rumeno barvo in se por ne prismodi.','testenine_por_tuna4.jpg','SI',4,23);
INSERT INTO step (id,content,imageurl,language,page,recipe_id) VALUES (2315,'Ko voda zavre, vanjo stresemo testenine (najboljši so peresniki, lahko tudi špageti), dobro premešamo in pustimo da voda vre pri napol pokritem loncu približno 5-10 minut (oziroma toliko časa, kolikor piše na ovitku - odvisno od vrste testenin).','testenine_por_tuna5.jpg','SI',5,23);
INSERT INTO step (id,content,imageurl,language,page,recipe_id) VALUES (2316,'Ko sta por in čebula lepo nežno pocvrta, dodamo tuno, premešamo, po želji dodamo topljeni sirček, in segrevamo le še kakšno minuto ali dve, da se tuna enakomerno porazdeli (in sir stopi).','testenine_por_tuna6.jpg','SI',6,23);
INSERT INTO step (id,content,imageurl,language,page,recipe_id) VALUES (2317,'Kuhane testenine takoj odcedimo, da se ne razkuhajo.','testenine_por_tuna7.jpg','SI',7,23);
INSERT INTO step (id,content,imageurl,language,page,recipe_id) VALUES (2318,'V testenine vmešamo omako.','testenine_por_tuna8.jpg','SI',8,23);
INSERT INTO step (id,content,imageurl,language,page,recipe_id) VALUES (2319,'Testenine razdelimo po krožnikih in še tople serviramo.','testenine_por_tuna9.jpg','SI',9,23);

-- recipe ingredient
INSERT INTO recipe_ingredient (id,amount,unit,ingredient_name,recipe_id) VALUES (131,3.0,'TIMES','BANANA',13);
INSERT INTO recipe_ingredient (id,amount,unit,ingredient_name,recipe_id) VALUES (132,200.0,'G','SUGAR',13);
INSERT INTO recipe_ingredient (id,amount,unit,ingredient_name,recipe_id) VALUES (133,NULL,'SOME','VANILLA_SUGAR',13);
INSERT INTO recipe_ingredient (id,amount,unit,ingredient_name,recipe_id) VALUES (134,1.0,'TIMES','LEMON_JUICE',13);
INSERT INTO recipe_ingredient (id,amount,unit,ingredient_name,recipe_id) VALUES (135,2.0,'DL','CREAM',13);
INSERT INTO recipe_ingredient (id,amount,unit,ingredient_name,recipe_id) VALUES (136,3.0,'TIMES','EGG_WHITE',13);
INSERT INTO recipe_ingredient (id,amount,unit,ingredient_name,recipe_id) VALUES (231,NULL,'SOME','LEEK',23);
INSERT INTO recipe_ingredient (id,amount,unit,ingredient_name,recipe_id) VALUES (232,1.0,'TIMES','TUNA_CAN',23);
INSERT INTO recipe_ingredient (id,amount,unit,ingredient_name,recipe_id) VALUES (234,1.0,'TIMES','ONION',23);
INSERT INTO recipe_ingredient (id,amount,unit,ingredient_name,recipe_id) VALUES (235,180.0,'G','PASTA',23);
INSERT INTO recipe_ingredient (id,amount,unit,ingredient_name,recipe_id) VALUES (236,NULL,'SOME','SALT',23);

-- recipe utensil
INSERT INTO recipe_utensil (id,quantity,recipe_id,utensil_name) VALUES (131,NULL,13,'MIXER');
INSERT INTO recipe_utensil (id,quantity,recipe_id,utensil_name) VALUES (132,NULL,13,'BLENDER_STICK');
INSERT INTO recipe_utensil (id,quantity,recipe_id,utensil_name) VALUES (133,3,13,'BOWL');
INSERT INTO recipe_utensil (id,quantity,recipe_id,utensil_name) VALUES (134,NULL,13,'FREEZER');
INSERT INTO recipe_utensil (id,quantity,recipe_id,utensil_name) VALUES (231,1,23,'CHEFS_KNIFE');
INSERT INTO recipe_utensil (id,quantity,recipe_id,utensil_name) VALUES (232,1,23,'COOKING_POT');
INSERT INTO recipe_utensil (id,quantity,recipe_id,utensil_name) VALUES (233,1,23,'FRYING_PAN');
INSERT INTO recipe_utensil (id,quantity,recipe_id,utensil_name) VALUES (234,1,23,'WOODEN_SPOON');
INSERT INTO recipe_utensil (id,quantity,recipe_id,utensil_name) VALUES (235,NULL,23,'CHOPPING_BOARD');

-- appendix
INSERT INTO appendix (id,content,language,type,recipe_id) VALUES (131,'V kolikor imate doma aparat za pripravo sladoleda, lahko namesto snega iz beljakov, dodate malce mleka, saj je princip delovanja aparata tak, da z neprestanim mešanjem ustvarja rahlost zamrznjene zmesi.','SI','TIP',13);
INSERT INTO appendix (id,content,language,type,recipe_id) VALUES (132,'Ker sneg dodajamo na koncu, lahko v zmes vmešamo še čokoladne mrvice.','SI','VARIATION',13);

-- category
INSERT INTO recipe_categories (recipe_id,category) VALUES (13,'DESSERT');
INSERT INTO recipe_categories (recipe_id,category) VALUES (23,'MAIN');
INSERT INTO recipe_categories (recipe_id,category) VALUES (23,'SEAFOOD');

-- season
INSERT INTO recipe_seasons (recipe_id,season) VALUES (13,'SUMMER');
INSERT INTO recipe_seasons (recipe_id,season) VALUES (23,'SPRING');
INSERT INTO recipe_seasons (recipe_id,season) VALUES (23,'SUMMER');

-- user 
-- username: user1
-- password: password1
INSERT INTO users (username,email,name,password,preferences,salt,updated) VALUES ('user1',NULL,'Random user',decode('6b20c3139eaa63a1ac563096da0c2f403121b67c', 'hex'),'lang=SI&country=FR&timezone=CET&view=video&units=metric&recommended=diet',decode('b027c750ad3894a8', 'hex'),'2013-04-12 13:56:36');

-- comment
INSERT INTO comment (id,content,date,recipe_id,user_username) VALUES (1,'zelo okusno!','2013-03-29 23:44:02',23,'user1');

-- bookmark
INSERT INTO bookmark (users_username,recipe_id) VALUES ('user1',13);

-- fridge
INSERT INTO fridge (id,ingredient_name,user_username) VALUES (10,'TUNA_CAN','user1');
INSERT INTO fridge (id,ingredient_name,user_username) VALUES (11,'CHEESE','user1');
INSERT INTO fridge (id,ingredient_name,user_username) VALUES (12,'SALT','user1');
INSERT INTO fridge (id,ingredient_name,user_username) VALUES (13,'ONION','user1');
INSERT INTO fridge (id,ingredient_name,user_username) VALUES (14,'PASTA','user1');
INSERT INTO fridge (id,ingredient_name,user_username) VALUES (15,'EGG_WHITE','user1');
INSERT INTO fridge (id,ingredient_name,user_username) VALUES (16,'LEEK','user1');
INSERT INTO fridge (id,ingredient_name,user_username) VALUES (17,'SUGAR','user1');
INSERT INTO fridge (id,ingredient_name,user_username) VALUES (18,'VANILLA_SUGAR','user1');
INSERT INTO fridge (id,ingredient_name,user_username) VALUES (19,'CREAM','user1');